{
  "facts": [
    "AdverseReaction",
    "NewDrug",
    "MultipleReports",
    "RegulatoryWarning"
  ],
  "rules": [
    {
      "condition": ["AdverseReaction", "NewDrug"],
      "result": "RecallRequired",
      "probability": 0.7
    },
    {
      "condition": ["MultipleReports", "RegulatoryWarning"],
      "result": "RecallRequired",
      "probability": 0.9
    },
    {
      "condition": ["RecallRequired"],
      "result": "PublicNotification",
      "probability": 0.95
    }
  ],
  "queries": [
    "PublicNotification"
  ]
}