{
  "facts": [
    "LargeTransaction",
    "NoReceipt",
    "UnusualVendor",
    "WeekendTransaction"
  ],
  "rules": [
    {
      "condition": ["LargeTransaction", "NoReceipt"],
      "result": "Fraud",
      "probability": 0.85
    },
    {
      "condition": ["UnusualVendor", "WeekendTransaction"],
      "result": "Fraud",
      "probability": 0.75
    },
    {
      "condition": ["Fraud"],
      "result": "AuditRequired",
      "probability": 0.95
    }
  ],
  "queries": [
    "AuditRequired"
  ]
}