{
  "facts": [
    "HighRiskClient",
    "LateSubmission",
    "UnverifiedDocuments",
    "LargeDiscrepancy"
  ],
  "rules": [
    {
      "condition": ["HighRiskClient", "LateSubmission"],
      "result": "AuditFlag",
      "probability": 0.8
    },
    {
      "condition": ["UnverifiedDocuments", "LargeDiscrepancy"],
      "result": "AuditFlag",
      "probability": 0.9
    },
    {
      "condition": ["AuditFlag"],
      "result": "InvestigationRequired",
      "probability": 0.95
    }
  ],
  "queries": [
    "InvestigationRequired"
  ]
}